"","groupID","featureID","exonBaseMean","dispersion","stat","pvalue","padj","PREECLAMPSIA","CONTROL","log2fold_CONTROL_PREECLAMPSIA","-log10padj","regulation"
"1","4930503L19Rik","E019",10.4846714168112,0.00658308030213633,13.9589892725422,0.00018684208900509,0.00367880851101163,6.96858941218068,4.4407223336807,-1.30177717070426,2.43429281743534,"skipped exon"
"2","A230045G11Rik","E001",32.3093353978345,0.019986616113067,15.4713214062114,8.37666131544418e-05,0.0019151109929352,12.0492475321028,8.39217603882889,-1.04788161889262,2.71780605082204,"skipped exon"
"3","Abca1","E048",22.2785363560275,0.0296846805030471,9.77053495355435,0.00177330849104485,0.021138044043489,9.81662643595592,6.92691286455198,-1.00876760425425,1.67493520153284,"skipped exon"
"4","Abca5","E038",25.7987746133569,0.00215295416419082,25.8751948852377,3.64219521796176e-07,1.89495483353987e-05,10.3617075834511,7.04312994169754,-1.11721474443182,4.72240113703003,"skipped exon"
"5","Abca5","E039",18.1799402512367,0.00307144584496888,22.7477354154143,1.84721692538567e-06,7.76463361709238e-05,8.81355933326876,5.67244670876505,-1.27408252087451,4.10987903212204,"skipped exon"
"6","Abca8b","E004",10.0598392354987,0.00546970435933865,9.85726168306812,0.00169162706043655,0.020395700459644,4.66748331444046,6.7809708185867,1.07906360028678,1.69046137490024,"included exon"
"7","Acsl4","E018",16.2306054656478,0.0424539121878631,9.40950011191779,0.00215864069594867,0.0244737079511237,8.4684736961409,5.46991914341783,-1.26353048014757,1.61130022677749,"skipped exon"
"8","Acsl4","E019",14.0340678137312,0.0346761411461616,8.77246432067037,0.00305811993438336,0.0316372869778817,7.83011752227833,5.15062855733339,-1.21053963362858,1.49980076604205,"skipped exon"
"9","Adgrl2","E001",10.8448204386949,0.00465489793493589,20.8068638743801,5.08005723637736e-06,0.00018578375597895,4.1885729678707,7.26813767081086,1.59225103021317,3.73099226126332,"included exon"
"10","Aebp1","E025",20.8755159303612,0.00707706149998968,15.3048864972416,9.1479568143524e-05,0.00205574814310677,6.64309700928567,9.43058559736158,1.01351836570348,2.68703009335329,"included exon"
"11","Ahnak2","E001",68.8679885839832,0.105690542130924,6.06901808307327,0.0137573420183826,0.0928957616278277,12.4196685568441,17.7740220445975,1.04342403754502,1.03200410025434,"included exon"
"12","Aim2","E012",10.4553425337387,0.00549599030891517,9.66268417427571,0.00188048661271426,0.0220727816643873,6.82879729539297,4.8178297295305,-1.00782197309671,1.65614293256697,"skipped exon"
"13","Ank1","E020",17.9028584386831,0.00580108162239845,19.7224457700277,8.95434455735978e-06,0.00030140371399823,8.7800771742825,5.74828053625436,-1.22469922746148,3.52085140046532,"skipped exon"
"14","Ankrd6","E020",12.3537964601453,0.0424760181107645,8.34409748309918,0.00386942326451702,0.0376029154424223,7.49588372128147,5.04631182150945,-1.14347746005174,1.42477848189492,"skipped exon"
"15","Ankrd6","E021",12.7056945225369,0.0327551745319008,7.52732172563239,0.00607701848219552,0.0523234693404502,7.49198187502077,5.26514683561629,-1.01935526162626,1.28130346756108,"skipped exon"
"16","Ap1g2","E017",10.9586083233071,0.00535015867496671,9.20268727264354,0.00241660109609571,0.0265974814591958,4.85013163088308,6.87060908349662,1.00616870575894,1.57515948517938,"included exon"
"17","Ap5z1","E016",10.9501856735355,0.0238289129044762,11.5927026511422,0.00066211117319952,0.0100128343233235,7.27301346584812,4.57816460845027,-1.33737562633742,1.99944296979904,"skipped exon"
"18","Arap3","E029",10.9778351125798,0.00480248104745036,10.0002981250133,0.001565148861587,0.0191956444520944,6.98604926565076,4.91635123799949,-1.01517208945165,1.71679730280731,"skipped exon"
"19","Armcx4","E012",11.6233641020731,0.0181211021571172,8.72871554247476,0.00313237085531953,0.0321930725352738,4.91756579572382,7.17931999660931,1.09335440830318,1.49223757188738,"included exon"
"20","Arpc5l","E005",17.1222717386665,0.00525224723182147,14.1428985192734,0.00016943547564206,0.00340534680185165,8.60955148686071,6.0350029661027,-1.02730108560157,2.46783865277882,"skipped exon"
"21","Ascc3","E008",24.9974210613957,0.0126744246299897,18.0142579806675,2.19256623516689e-05,0.0006374866959788,10.2916476856341,6.81905922490012,-1.19102105928908,3.19552887430308,"skipped exon"
"22","Asph","E011",10.254126790037,0.00992438141866863,10.1073028003917,0.00147682942375553,0.0183601236904816,6.66319126748812,4.5130993316331,-1.12554982090249,1.73612439732254,"skipped exon"
"23","Asxl2","E004",15.4374011729417,0.00346534720932687,19.7170939669305,8.9794556607258e-06,0.00030187847627204,8.24650506453952,5.52600207895921,-1.15721411805479,3.52016785077126,"skipped exon"
"24","Asxl2","E005",14.4592137213709,0.00328114577784883,18.0589931862324,2.14164622081704e-05,0.00062484531811331,7.96150849518312,5.37470513317919,-1.13566503262184,3.20422747994252,"skipped exon"
"25","Asxl2","E006",14.4624193297831,0.00382398857721443,17.8438141190386,2.39797527446995e-05,0.00068368053199562,7.96183823217945,5.37453762356773,-1.13587485998351,3.16514678658709,"skipped exon"
"26","Atf7ip","E006",13.4601723334632,0.00537365377148591,16.6204234996545,4.56567185381686e-05,0.00116019954130871,7.84496996002389,5.21956229737145,-1.17761960980779,2.93546731056911,"skipped exon"
"27","Atxn1l","E006",11.6218489845734,0.00641187019079098,12.6661069259293,0.00037234402076433,0.00635824649092688,7.14355270847483,4.75755188398944,-1.17445207992972,2.19666263974708,"skipped exon"
"28","Avl9","E022",11.6580020996261,0.00429455645562849,10.9498257630209,0.00093612417302121,0.0130619245725846,4.84073074494279,7.35261745450515,1.20779984480044,1.88399282844579,"included exon"
"29","Baz2a","E009",14.9881449140513,0.0105228007922811,13.6299536508086,0.00022260537405899,0.00423313301845361,8.14977291893416,5.54325721931593,-1.11407192854383,2.37333808440273,"skipped exon"
"30","Baz2a","E010",15.3786614050929,0.0119902582445575,12.2753999716506,0.00045896827994586,0.00748707930422403,8.19939595634116,5.68456296169461,-1.05891260363467,2.1256875667378,"skipped exon"
"31","Bcl6","E012",16.0475752025917,0.00328606651669818,17.4735896407925,2.91326735797762e-05,0.00079929798182432,8.45822153950866,5.70284794370855,-1.13955197746534,3.0972912835942,"skipped exon"
"32","Bcor","E001",11.9891049584739,0.00527512599540356,10.8598305996785,0.00098272683796679,0.0135476860630865,4.94737938232646,7.0982814315434,1.04307705832366,1.86813487570093,"included exon"
"33","Bcor","E022",10.6836604267731,0.0200449687306512,7.6344090124839,0.00572651457597585,0.0501648185464473,6.93570786794953,4.76124747561471,-1.08684677406896,1.29960075432198,"skipped exon"
"34","Birc6","E008",48.4407403452911,0.00128609502645924,48.0697300372987,4.11327736503251e-12,7.4466158008714e-10,14.3263383223623,9.72471122035751,-1.12414436824209,9.12804105247673,"skipped exon"
"35","Birc6","E009",34.2968718626961,0.011472901231562,33.0705887610508,8.88729483199042e-09,7.38278034695443e-07,12.3866321292714,7.60598412098273,-1.41256155874988,6.13178005254797,"skipped exon"
"36","Birc6","E015",64.7748160309564,0.00083320582765503,58.7937813879142,1.75093785335712e-14,5.08185779364833e-12,16.4412953581153,11.4146358994159,-1.06079408624124,11.2939774920401,"skipped exon"
"37","Bltp1","E006",20.9964398942946,0.0101443014185128,15.5585047340786,7.99909997913426e-05,0.00184350574613253,9.31822291550623,6.31072881046123,-1.12715654406418,2.7343555043775,"skipped exon"
"38","Bltp1","E007",22.3501666322008,0.00301788777108869,18.9216226868895,1.3620015111997e-05,0.0004283952918369,9.56912084565624,6.59590515553009,-1.07635136700385,3.36815531081051,"skipped exon"
"39","Bltp1","E008",32.6394829198041,0.00184203157625748,44.5726365179502,2.45093298424627e-11,3.77212488495279e-09,11.8677841036492,7.32600555024879,-1.39683592902248,8.42341393736948,"skipped exon"
"40","Bltp1","E009",26.1612232561089,0.00219247799362617,37.4277718544412,9.48616852624406e-10,1.02567794832643e-07,10.6840085857618,6.52421976878821,-1.42720213200127,6.98898898154438,"skipped exon"
"41","Bltp1","E010",33.4368634405009,0.0172350699348453,20.0232880523592,7.65047506454435e-06,0.00026250891962503,11.8705901344299,7.75626049132973,-1.23248564994471,3.580855935389,"skipped exon"
"42","Bltp1","E013",36.1150191556082,0.00254707065192856,29.947980139971,4.43793950971873e-08,3.00875917592291e-06,12.1796473158173,8.38223100162139,-1.08254967504743,5.52161257223113,"skipped exon"
"43","Bltp1","E017",33.7328417883511,0.0434645491419221,10.1394084679227,0.00145132729120779,0.0181293627106664,11.8724814964477,7.92064934288754,-1.17228713391614,1.74161746209895,"skipped exon"
"44","Bltp1","E018",30.6178927825964,0.029134608794466,10.7068825162032,0.00106737726970869,0.0144095078372715,11.2151411244785,7.7477580542905,-1.07091417665284,1.84135085244121,"skipped exon"
"45","Bltp1","E027",36.4615543549275,0.00358973080694737,25.0094663034058,5.70495312536696e-07,2.80415145197995e-05,12.1775559749972,8.59685942545497,-1.00889421396296,4.55219853386412,"skipped exon"
"46","Cacnb3","E014",23.0177809171198,0.0813111213733041,6.48984077933989,0.0108492694174393,0.0789496956879931,10.3735723105025,6.63621829283551,-1.29255647201737,1.10264953964277,"skipped exon"
"47","Cacnb3","E015",11.7173004026595,0.064337751706073,7.22796487967835,0.00717765292631266,0.0590119542448899,7.50783162579597,4.60658253105919,-1.41138833652928,1.2290600029899,"skipped exon"
"48","Cacnb3","E020",9.87619604275034,0.0184488921605847,9.75185746039836,0.00179141614794497,0.0212976886989175,6.75185896251872,4.43394342100999,-1.21485650623957,1.67166752518903,"skipped exon"
"49","Camta1","E032",16.4743754686062,0.0261364030671694,15.4495799821176,8.47357725449137e-05,0.00193216816864087,8.68355087967819,5.3880004339573,-1.37969494787869,2.71395507691932,"skipped exon"
"50","Camta1","E039",10.9832789277864,0.0148842866704905,9.28409513646304,0.00231152077753856,0.0257649082386112,6.90245852984242,4.73555965658653,-1.08857826924829,1.58897139993436,"skipped exon"
"51","Camta1","E047",13.9520211489155,0.0431539747204423,6.3680663749445,0.0116192135695861,0.0826757978899262,7.73929952913164,5.39023217831351,-1.04545687809414,1.08262160509258,"skipped exon"
"52","Ccar1","E026",10.6601749496725,0.073353405245045,6.34511331360699,0.0117705090490201,0.0834026144908148,7.03469871059912,4.44058563434726,-1.32916242208472,1.07882033496014,"skipped exon"
"53","Cdh23","E002",9.90747284070555,0.0404280626201091,12.1869896376268,0.00048123982267199,0.00777791692969893,4.35450308270731,7.19331646076483,1.45015361826362,2.10913669954881,"included exon"
"54","Cdh8","E021",11.7487203006702,0.0110426496898111,8.77912042030849,0.0030469808918051,0.031565568249273,7.05080850435871,4.95813535888055,-1.0174046086153,1.50078638801563,"skipped exon"
"55","Cdk18","E002",10.2741998534868,0.112286514728887,6.58415527146866,0.0102890429651193,0.0760547125954222,6.92042477446319,4.39842750362101,-1.30936141615633,1.11887387048965,"skipped exon"
"56","Cep250","E004",18.9573311909709,0.00427984781827266,17.4104071076668,3.01172455401704e-05,0.00082233522400408,9.1988159694688,6.3746517117994,-1.06069241501127,3.0849511067213,"skipped exon"
"57","Cep350","E038",18.5349431560732,0.00263395659621188,20.8382434678502,4.99750378827368e-06,0.00018308308401902,8.8629973365737,6.02199665079627,-1.11749889453317,3.73735178052941,"skipped exon"
"58","Cep350","E041",14.0662611456485,0.0042927620373696,12.8673082528001,0.000334372210781,0.00582836865744794,7.64328791122745,5.40295841814611,-1.00254195091037,2.23445298592886,"skipped exon"
"59","Cfh","E001",10.7901851110521,0.0136763441169561,12.1088355171844,0.00050183465023867,0.00803423653875647,4.71213343041006,7.06788560341363,1.17136744248137,2.095055386201,"included exon"
"60","Cit","E031",19.0235244424113,0.0225658528419084,11.582475549762,0.0006657625247327,0.0100523482998543,9.08663782981006,6.15221567905354,-1.12781175356325,1.99773247212043,"skipped exon"
"61","Cln3","E005",11.5297816949429,0.00445410035191532,11.5741140226566,0.00066876292348857,0.01008469730972,4.75412800815928,7.01565718564723,1.12430171757334,1.99633713252223,"included exon"
"62","Cmip","E008",15.3229481675535,0.00700714627945264,13.1493722733612,0.00028761558300849,0.00516885123973028,8.16989670032603,5.70229642907651,-1.03948705387614,2.28660596670906,"skipped exon"
"63","Cnnm1","E011",12.0231273849036,0.0151418820863278,8.30095018602779,0.00396243416718835,0.0382335981406733,7.08736496601153,5.00822947880607,-1.00332086644333,1.41755482886805,"skipped exon"
"64","Cntn5","E020",16.7367202873633,0.00388048886873672,12.9422029991407,0.00032125673006129,0.005648818519693,8.2316816214651,5.8194823971798,-1.00251106061796,2.24804237767329,"skipped exon"
"65","Cntnap2","E001",22.0584358593507,0.00617542552584662,22.2830219167666,2.35277656620296e-06,9.57187448308094e-05,9.64306383034881,6.40480257877971,-1.18361590433964,4.01900300496695,"skipped exon"
"66","Cntnap2","E002",19.9488412707893,0.0119329233516285,14.8854755284998,0.00011423919354976,0.00246941529585221,9.08690469092409,6.26035168559861,-1.07754554089313,2.60740586611101,"skipped exon"
"67","Cntnap2","E003",25.9898315942943,0.00246816408788035,41.768047259628,1.02769255289078e-10,1.38592939019538e-08,10.7023717584225,6.47473486382313,-1.45418430157337,7.85825889543104,"skipped exon"
"68","Cntnap2","E004",20.1814762838907,0.0155679180565418,21.7339489763686,3.13199351872822e-06,0.00012254241117831,9.39049266068753,5.80600686891842,-1.39039193065422,3.91171357862188,"skipped exon"
"69","Cntnap3","E022",19.7290321219867,0.0049801347606817,17.0992539422828,3.54762381624388e-05,0.0009393582714342,8.95002405073825,6.20649292356228,-1.05857991622193,3.02716873613529,"skipped exon"
"70","Col12a1","E043",10.7307284580172,0.0193859172562158,8.43891612668344,0.00367275088313508,0.0362454190952895,6.98659551744976,4.76303718847032,-1.10689448990866,1.44074687426133,"skipped exon"
"71","Col22a1","E063",12.9985466530366,0.00378072474226004,14.8549117133201,0.00011610532681018,0.00250317791185518,7.68454039739129,5.18144454383469,-1.13903209110856,2.60150828207732,"skipped exon"
"72","Col5a1","E002",11.7065604253956,0.0440645988700792,6.08756421221887,0.0136136638979315,0.0921967872608627,7.18128899045337,5.03759735629097,-1.02449667924746,1.03528421234322,"skipped exon"
"73","Col5a1","E003",10.2810555575898,0.00599432311731822,11.2230037764552,0.00080789626837192,0.0116592687458,6.80755305480108,4.64589302417846,-1.10376225834289,1.93332868710898,"skipped exon"
"74","Col8a1","E001",35.1592477551716,0.177123467052613,6.84171937843624,0.00890530854645541,0.0687834285396251,8.72375774140801,12.8073593335863,1.11287659853997,1.16251618037894,"included exon"
"75","Colgalt1","E002",11.1077649285987,0.0741664945341898,6.4522567650998,0.0110811499714922,0.0800895236465649,7.18792488227655,4.5677859529909,-1.30990410465338,1.09642428940953,"skipped exon"
"76","Cpt1c","E016",9.86889664827365,0.0601609121321751,6.07440165685244,0.0137154751604873,0.0927143548086537,4.18071982620631,6.61450534488961,1.32525108850433,1.03285301956051,"included exon"
"77","Crhr1","E008",11.0122573616105,0.0160542783464135,12.6064875018429,0.0003844102001468,0.0065189695153502,6.98177272055142,4.3262483472439,-1.38265363672906,2.18582104984586,"skipped exon"
"78","Csde1","E004",18.3952447265067,0.0163544205935569,12.905775753484,0.00032756974051899,0.00573531086059879,8.96030279354869,6.09394911152577,-1.11478220364829,2.2414430378527,"skipped exon"
"79","Csmd1","E046",14.678188111315,0.0124565356939169,14.3104355930922,0.00015500320673377,0.00316543977130553,7.82500897196468,5.15122130643272,-1.20831961218065,2.49956594536744,"skipped exon"
"80","Csmd3","E069",12.1135545096084,0.0172283517467268,9.94159813438355,0.00161585203922943,0.019672344084024,7.0077134513445,4.5857880620099,-1.2251376204307,1.70614388806732,"skipped exon"
"81","Cspp1","E003",11.4282442244889,0.00525637460026735,14.1717054474153,0.00016686092142028,0.00336476869269864,7.25527569849402,4.70863289214208,-1.24916900525323,2.47304478550758,"skipped exon"
"82","Cuedc1+gene-2210416O15Rik+gene-Mrps23","E015",15.6600156193942,0.0158613614599864,13.5764196947694,0.00022904468952502,0.00433147670500984,5.4901773838165,8.31889596843956,1.20128951159947,2.36336401692534,"included exon"
"83","Dab1","E006",12.3278054805806,0.0310249112930285,8.17305866605457,0.00425171496658725,0.0402835285095759,7.42105585202387,5.05858469581455,-1.10745016024788,1.39487249578667,"skipped exon"
"84","Dab1","E007",14.0712902199271,0.0107112178595015,12.8154697910587,0.00034376507934561,0.00596308002489004,7.90823176576453,5.42682971038192,-1.08836393635595,2.22452936235727,"skipped exon"
"85","Ddx3y","E021",23.27787090121,0.0143103954513643,7.48194525683495,0.00623207065431773,0.0532845873056207,8.56498077228446,5.97732302539453,-1.04003077674832,1.27339839352697,"skipped exon"
"86","Dgkz","E008",11.0134401777475,0.00433974331576669,9.00284071677723,0.00269560283087904,0.0287715127941872,4.80722736172555,6.80119406607145,1.00247628942036,1.54103730248593,"included exon"
"87","Dhx57","E030",16.330664454849,0.00998219418851904,15.3586162207742,8.89145159200444e-05,0.00201006240334045,8.51733919448242,5.6883165502295,-1.16707668006973,2.69679045949209,"skipped exon"
"88","Dlgap4","E023",153.27709121663,0.00458908995902185,71.4331338880867,2.86815044526524e-17,1.36809944891197e-14,25.8183641397056,17.658554933463,-1.11607114403704,13.8638823320429,"skipped exon"
"89","Dll4","E002",11.6897347692432,0.00501751132477903,12.7721993043327,0.00035180895887199,0.00606994018744087,7.1946047408029,4.9482836874821,-1.08151842589919,2.2168155883963,"skipped exon"
"90","Dll4","E003",11.800325134525,0.0358904640243754,8.39335227755517,0.00376595730693039,0.0368739809756466,7.25848632830417,4.94872909158209,-1.1068173103883,1.43327997271598,"skipped exon"
"91","Dock3","E058",10.6293166407701,0.00533667062745579,12.8436150505399,0.00033863275366532,0.00589235785025938,6.87734373726431,4.48235291051003,-1.23673048431002,2.2297108857816,"skipped exon"
"92","Dtx4","E010",12.8798874126583,0.00387905920468982,13.2640798685671,0.00027054021436978,0.00493737643346792,7.52165657691506,5.1416703071809,-1.0993325979637,2.30650376021299,"skipped exon"
"93","Dync2h1","E080",13.8735912323554,0.0330615646322554,8.61755905441254,0.00332937708086446,0.0336640052117831,7.74771548361832,5.16862711253447,-1.16986525819705,1.47283421462591,"skipped exon"
"94","Dync2h1","E085",14.7874705746704,0.027066306300519,8.52278877898854,0.00350726626447547,0.0349757463063351,7.9248192667032,5.49213775450249,-1.05986784826531,1.45623300983785,"skipped exon"
"95","Dync2h1","E086",12.3545409750394,0.0203266912270248,13.2130033543189,0.00027801351143741,0.0050358850298499,7.44753129973924,4.64494106968942,-1.36412231257937,2.29792419347119,"skipped exon"
"96","Dync2h1","E094",14.660859836777,0.00426281346604136,13.9363691878823,0.00018910389804875,0.00371574419425036,7.92599307258763,5.41658387342187,-1.10031200543943,2.4299541921083,"skipped exon"
"97","Dync2h1","E095",11.6005081592166,0.00781428589983715,13.0687111568106,0.00030026967595004,0.0053460541981006,7.14223853405929,4.64605615461659,-1.24240510584913,2.2719666426957,"skipped exon"
"98","Dzip1l","E004",12.9857485238788,0.0117215682343196,12.558498352358,0.00039440855208354,0.00665287504767082,7.61876436038995,5.02259368540706,-1.20410659119459,2.17699063326771,"skipped exon"
"99","Efcab7","E019",12.5462440549945,0.038048306117859,8.37483838155271,0.00380451389537921,0.0371520308971745,5.05168211325883,7.55595951069211,1.16348935887895,1.43001744076401,"included exon"
"100","Eif2s3y","E023",51.5625693457771,0.00475849941993289,19.6412564707469,9.34298617138304e-06,0.00031205990994671,12.8752193557349,8.88785610928687,-1.07428803748378,3.50576202116887,"skipped exon"
"101","Elmo2","E020",34.6747115821764,0.0233775556608088,13.6229285979783,0.00022343987072102,0.00424597677659758,12.2170101495341,8.52559975223033,-1.04236776042238,2.37202238554051,"skipped exon"
"102","Elmo2","E022",37.0472365471757,0.0242118629986092,12.0856594489779,0.00050811126553421,0.00811105076160365,12.5734082237911,8.89022481259786,-1.00463994507564,2.09092288063394,"skipped exon"
"103","Entpd5","E018",16.1233889245588,0.00438247740486707,13.7492727471371,0.00020890168353856,0.00402266518252276,8.33902044912986,5.89199119192676,-1.00421626794266,2.39548611344764,"skipped exon"
"104","Epha10","E006",10.6625633170465,0.0211466662851027,10.9901800690889,0.00091595910899719,0.0128404374148577,4.62952141638181,7.17660247057006,1.26657808210289,1.89142018159245,"included exon"
"105","Eps8l1","E018",9.97838329147079,0.0292616339619862,7.69312937357701,0.00554314313170141,0.0489536227500972,6.64330166277165,4.46964100723949,-1.14485032104561,1.31021516326516,"skipped exon"
"106","Erbb4","E010",20.5804973444249,0.0303813887141095,9.49557810800457,0.0020596767687732,0.0236662929602286,6.69154711563596,9.7185686740462,1.07961915885584,1.62586976374391,"included exon"
"107","Erbb4","E011",28.0774808030015,0.00243191846947044,42.6631038604962,6.50273448951698e-11,9.13847991915348e-09,7.26671342286306,11.8614554620319,1.4187848898046,8.03912603814208,"included exon"
"108","Erbb4","E013",47.9951173413691,0.0319328923599587,19.5868145738676,9.61303420436763e-06,0.00031952319951677,9.54908554453584,15.4375878970618,1.39434592428846,3.49549760368293,"included exon"
"109","Ercc5","E002",17.1751579479134,0.00805456796357792,13.7881086021658,0.00020462732108791,0.00395713075047293,8.69740491075123,6.00393423068931,-1.07159474905696,2.40261959965291,"skipped exon"
"110","Esyt1","E030",10.546291227505,0.0193084687505013,7.59208898434599,0.00586249789339445,0.050975171897314,6.84022317550978,4.78273323243343,-1.03376982755369,1.29264130102939,"skipped exon"
"111","Etl4","E038",10.1599310947234,0.0059532591309506,8.30156945806391,0.00396108326511839,0.0382250458242504,4.58711535640936,6.50070959907742,1.00722111052648,1.41765198528236,"included exon"
"112","Fam120a","E009",17.6364486653154,0.00332030258650129,19.0633099370806,1.26452732237736e-05,0.00040134170545749,8.95348811329916,6.10698693115813,-1.10640438783381,3.39648570817311,"skipped exon"
"113","Fanci","E033",12.4238705275126,0.0259857919837696,7.43634572488841,0.00639195483081481,0.0542311566899246,4.98186602402558,7.12694400767981,1.03466500107759,1.26575113245014,"included exon"
"114","Fat1","E002",15.3629644896786,0.0151356721263611,18.1930430428143,1.99606632927747e-05,0.00058878053309054,8.46685386888862,5.17082928867683,-1.42540478755144,3.23004655755493,"skipped exon"
"115","Fat1","E011",25.8207870709295,0.00225220629330037,29.3832641791472,5.93883061954529e-08,3.89369610388387e-06,10.7428982417338,7.08776269736745,-1.20364992529011,5.40963794741193,"skipped exon"
"116","Fat1","E012",44.6482329427519,0.00572865069521972,36.968530348235,1.20051307157514e-09,1.26641816096597e-07,14.0686191793118,9.35063531921111,-1.18493808735041,6.89742287013658,"skipped exon"
"117","Fat1","E016",42.5441708453666,0.0135727490794296,22.9309388557799,1.6792712233876e-06,7.13339157474332e-05,13.6717490781127,9.25766277406899,-1.13068048968946,4.14670393550789,"skipped exon"
"118","Fat3","E031",15.9124575472988,0.0370082422660347,11.1733814277816,0.00082979254059293,0.0119042109635055,8.09794028429775,5.3075441103328,-1.22113833495824,1.92429938526976,"skipped exon"
"119","Fat3","E032",9.75397342857422,0.0502563217316209,8.25625994007245,0.00406117109120138,0.0389193197910822,6.38294644842716,4.06334565733579,-1.30448059596934,1.40983475868018,"skipped exon"
"120","Fat4","E001",79.2496494270897,0.00906278947409157,42.6010985686379,6.71216769282272e-11,9.39269697450407e-09,18.5920580630152,12.4708153893655,-1.16300644853646,8.02720968856767,"skipped exon"
"121","Fbxo6","E007",10.222009055757,0.0112533392774957,17.0890970033304,3.56664757434398e-05,0.00094409167029812,7.02470821419246,4.16594940643319,-1.50939689103267,3.02498583412172,"skipped exon"
"122","Fcho1","E023",12.0116908013913,0.0292819069238566,10.6489943188582,0.00110130774296842,0.0147429925497319,7.48287497271917,4.74381919462911,-1.3169829382663,1.83141435393121,"skipped exon"
"123","Fgd5","E006",16.2233333013104,0.0100706920898708,11.2600325457196,0.0007919382242692,0.0114904357202113,8.39196003504753,5.88883165871044,-1.02407594380306,1.93966350244352,"skipped exon"
"124","Firrm","E028",9.81569869270427,0.00695448163535766,10.7758593063634,0.00102832464543819,0.0140110297194809,6.64984015805561,4.41723266134733,-1.18175235800596,1.85352994572387,"skipped exon"
"125","Fkbp1a","E005",10.2234244646791,0.0477744999007458,8.20869873486626,0.00416900381871443,0.039714497506392,6.97204904935427,4.40783418081401,-1.32467733432376,1.40105092805559,"skipped exon"
"126","Foxp2","E024",13.3277052732827,0.0278842608142799,8.41010804795718,0.00373140482851647,0.0366228248464236,5.26892943181065,7.82002759485107,1.14121768238052,1.43624816009171,"included exon"
"127","Fry","E007",17.9288403498911,0.00296590288500586,25.7330120619638,3.92062897562922e-07,2.01938775194193e-05,8.89984096761054,5.5669545722734,-1.35651138382069,4.69478028216572,"skipped exon"
"128","Gm17750+gene-Gm4241+gene-Gm17750-gm4241","E001",11.4877369826861,0.0242797087381098,10.4732687280192,0.0012111423440247,0.0158346253040503,4.76871472251963,7.28105016189284,1.22280573370413,1.80039220891402,"included exon"
"129","Gm19665+gene-Foxp1","E026",11.5904580663124,0.0109328368902427,7.4840183257071,0.00622489968890467,0.0532401846268338,4.96902252104007,7.05483853107512,1.01272159225068,1.27376044714409,"included exon"
"130","Gm25047+gene-Lonrf3","E002",15.2247336998595,0.00313156364585154,23.2397017682958,1.43014203880893e-06,6.19831167960372e-05,8.43906488033724,5.37872319944421,-1.30203221705133,4.20772658922473,"skipped exon"
"131","Gm3414+gene-Gm29036+gene-Lcorl","E016",13.8596933598513,0.0370430785057832,6.97430597577392,0.00826882851705729,0.0652696945911533,5.42607095777367,7.90801861326548,1.08868988928211,1.18528841944263,"included exon"
"132","Gm4258","E009",11.2346538549509,0.095920392898649,6.62627767123001,0.010048503622296,0.0748821242629857,7.53476051585483,4.30272872922149,-1.61878519199228,1.12562184398941,"skipped exon"
"133","Gm4258","E010",28.4397871273481,0.0533590107967006,7.37808386336297,0.00660234771123783,0.0555503220385573,11.4013745599763,7.60516575292331,-1.17239473111223,1.25531341900641,"skipped exon"
"134","Gm57820","E002",13.6678453678971,0.0292239912975631,12.6426016212659,0.00037705488708812,0.00642402530684022,7.8594580439991,5.48387649309132,-1.04026165950958,2.19219275686396,"skipped exon"
"135","Gnptab","E001",10.852064146923,0.0421888948452815,7.71090863337363,0.00548881170039286,0.0486094504716097,6.99460290254552,4.58212240701329,-1.22203323749108,1.31327928858389,"skipped exon"
"136","Gpr139","E002",10.8978325936204,0.0580171064739758,7.33741721185864,0.00675338029468438,0.0564605327262372,6.49945407114456,4.53844664386014,-1.03746518456209,1.24825502843895,"skipped exon"
"137","Gprasp1+gene-Mir7646+gene-Armcx5","E009",22.678172601769,0.00980673631815558,15.8844550333641,6.73294682909957e-05,0.00160000095593349,6.96017161507825,10.2859240084479,1.13019886405967,2.79587975787125,"included exon"
"138","Gprasp1+gene-Mir7646+gene-Armcx5","E010",34.6278868749244,0.0313876512835064,9.10916360658288,0.00254332138215981,0.027611765400036,8.7197670737566,12.5629652896562,1.05825809248342,1.55890582519763,"included exon"
"139","Gprin2","E005",18.5582672425838,0.00872044383777038,17.2495983029873,3.27766840225194e-05,0.0008809182148427,8.86488436080424,5.87640596623891,-1.18882878772861,3.05506440996623,"skipped exon"
"140","Grik5","E033",12.1317590660049,0.0302778137392671,7.0648625234918,0.00786103454531309,0.0629142733642109,4.98990727099795,7.23226278266293,1.07241950955651,1.20125081496656,"included exon"
"141","Grip1","E012",17.7439560691382,0.00363346524173399,33.5461684141424,6.95923308067004e-09,5.96168262721179e-07,9.28266331880332,5.38766782358948,-1.57298971638876,6.22463114754515,"skipped exon"
"142","Gtf2i","E042",14.6282176365738,0.0165190251490676,9.50483488320543,0.00204931198817274,0.0235784785025281,8.03404923496646,5.67560040361064,-1.00453864421301,1.62748422295914,"skipped exon"
"143","Hcn1","E001",15.8859860462825,0.0241100345824072,10.4335227131157,0.00123748488304784,0.0160997282230916,8.34835812135572,5.75601975066786,-1.07491132815701,1.79318145516118,"skipped exon"
"144","Hells","E002",15.5484560679615,0.0037555343411216,17.3025748346748,3.18754643504977e-05,0.00086029450786104,8.41632991697236,5.66796155638224,-1.1429134370266,3.06535284963591,"skipped exon"
"145","Herc2","E013",62.6966262645902,0.0157455588935792,28.6931813616278,8.48017945183111e-08,5.31428884733867e-06,16.4964711868344,10.9130979233659,-1.20084544532862,5.27455484409283,"skipped exon"
"146","Hnrnpd","E010",52.800045239844,0.0348915765035168,11.0608570596461,0.000881693778858,0.0124697837079848,15.4863647918356,10.6759069446786,-1.08039587156044,1.90414107941988,"skipped exon"
"147","Hspg2","E010",13.0620301344139,0.0785478470841722,6.50443241877227,0.010760590741911,0.0784832572959349,7.6243475240185,5.12950895003348,-1.14538734596468,1.10522298070081,"skipped exon"
"148","Hspg2","E011",10.1660324880379,0.0318594547585821,24.7878938518632,6.39981577925832e-07,3.10214811162847e-05,7.3633211050647,3.44400642887825,-2.19493527442738,4.50833747069799,"skipped exon"
"149","Hspg2","E012",10.5208697109616,0.0197320523098269,28.0213277394536,1.19985740552912e-07,7.21422484777109e-06,7.47160736722526,3.55501618261553,-2.14556967497817,5.14181032602868,"skipped exon"
"150","Hspg2","E013",10.3064905080245,0.00564286737971043,29.9346019406533,4.46866540832308e-08,3.02626112862255e-06,7.31107505210042,3.66234870458976,-1.99689527441861,5.51909360049429,"skipped exon"
"151","Hspg2","E015",9.89608404853555,0.0501677051644218,14.6403260401681,0.00013010070043966,0.00274732345273367,7.08801621494729,3.76745710225248,-1.82562211432976,2.56109020644481,"skipped exon"
"152","Hspg2","E016",11.1396075503153,0.0636727507321727,9.70408716899632,0.00183858629371706,0.0217161638614593,7.36473082342354,4.26244262092155,-1.57994657061631,1.66321688999209,"skipped exon"
"153","Hspg2","E025",10.152894288572,0.0130486006964973,17.8925089374622,2.33739336839346e-05,0.00067105862225453,7.02849636417011,4.07041388052551,-1.57793965640467,3.17323953913117,"skipped exon"
"154","Hspg2","E026",10.7064917887798,0.0547162406620476,7.75747809291059,0.00534905976179023,0.0476450678211822,6.96997516636799,4.54187079779035,-1.23731595059314,1.32198205051171,"skipped exon"
"155","Hspg2","E028",12.1331444086661,0.097977034134135,5.91486398944051,0.0150136619821269,0.0987898166580495,7.37468663906492,4.89210931744464,-1.18597399184758,1.00528782056571,"skipped exon"
"156","Hspg2","E029",11.1322020654222,0.0971644034521306,6.44914621025021,0.0111005674345427,0.0801770443863274,7.15149498080297,4.55353733443002,-1.30423562319208,1.09594995744403,"skipped exon"
"157","Hspg2","E030",9.70059901119985,0.0358168559442463,8.27815214192279,0.00401249430079647,0.0385807458795848,6.61607362618753,4.35555077003266,-1.20764421150874,1.41362938041799,"skipped exon"
"158","Hspg2","E039",10.8857497923542,0.00486787250228054,10.5852624171027,0.00113992715014663,0.0151246449678893,6.91155048652018,4.78258231531316,-1.06384846396866,1.82031481107525,"skipped exon"
"159","Htt","E004",13.7861375602687,0.0259390588690197,8.48776987619789,0.00357541808362696,0.0355091565313474,7.72677977240079,5.31733347879782,-1.08010760844529,1.44965964361311,"skipped exon"
"160","Huwe1+gene-Mir3113","E005",17.5069233691001,0.00553199511723038,20.1499834261078,7.16008679402837e-06,0.00024821835331208,8.77040475709504,5.74445425150935,-1.22343298968017,3.60516610983377,"skipped exon"
"161","Huwe1+gene-Mir3113","E016",11.6200598125542,0.0140504686121159,12.0373041638019,0.00052146333968803,0.00827682224463945,7.16083036651668,4.69218877255611,-1.22138798742611,2.08213637173134,"skipped exon"
"162","Ipo13","E026",19.6204090309898,0.0268134901054836,11.0897749135018,0.0008680501998213,0.0123252642867466,9.47103102716937,6.37022600711089,-1.14713372136327,1.90920375951158,"skipped exon"
"163","Kdm4b","E034",12.6615080103116,0.0112432567917187,11.9335841517953,0.00055131010225887,0.00865373861771546,7.54091341893985,5.08824885376771,-1.13689339528257,2.06279622660877,"skipped exon"
"164","Kdm5d","E007",23.6685636331518,0.00280903147930617,10.6165437512239,0.00112080342802351,0.0149395670929257,8.56636667047002,6.03821807976561,-1.01121084504241,1.82566198698364,"skipped exon"
"165","Kdm6b","E032",30.9655921183433,0.0386425821520916,9.47798798440925,0.00207951908880301,0.0238181365407605,11.7021071961548,8.20139197249074,-1.02959731420869,1.62309221941589,"skipped exon"
"166","Kdr","E034",32.8810593405112,0.013632476334025,16.9974892479134,3.74292807818374e-05,0.00098175201826303,11.93859307917,8.37632964099981,-1.02657952809634,3.0079981972441,"skipped exon"
"167","LOC118568040+gene-2210408I21Rik","E027",16.2842432864559,0.00342748920093418,17.3083390741441,3.17789196403379e-05,0.00085901217669063,5.81350410586873,8.54678238494068,1.11416824925261,3.06600067990325,"included exon"
"168","Larp4","E003",12.834760952989,0.00518188732283164,22.5114862766748,2.08890791156971e-06,8.63059345815214e-05,4.68539447745695,8.05815260613753,1.56699003226937,4.06395934023621,"included exon"
"169","Lhx2","E006",15.8814083093809,0.026181089512245,10.1085891072465,0.00147579901241947,0.0183486996584918,8.59171438196489,5.89066485482164,-1.09124507435222,1.73639470804142,"skipped exon"
"170","Limch1","E044",28.0848933788581,0.0284415380653448,11.5283006793204,0.00068544641363083,0.0102760138118562,11.0485637210596,7.71786560730618,-1.03870663993052,1.98817532067575,"skipped exon"
"171","Lmbrd2","E001",35.6620858570183,0.00158933877755859,39.3693696007759,3.50756155857395e-10,4.2256102512823e-08,12.1867985588905,8.09508928327341,-1.18509550869824,7.37411056254241,"skipped exon"
"172","Lmbrd2","E002",20.2908012689016,0.00490715896538034,23.7863002477559,1.07645911766601e-06,4.85998403949491e-05,9.29014147301297,5.96672390619028,-1.28039270530766,4.31336515698682,"skipped exon"
"173","Lrriq1","E002",11.4121508360382,0.00532114963477978,13.4015629807778,0.0002514147152602,0.0046702313516691,4.8952978531845,7.20296338286835,1.11596818445431,2.33066160503033,"included exon"
"174","Lyst","E004",12.5606169513792,0.00544360502436647,14.7529447958462,0.00012255596566298,0.0026165412471929,7.44156521508762,4.83030246346004,-1.2487990205598,2.58227241464605,"skipped exon"
"175","Lyst","E011",14.3888892863343,0.00778687940604294,11.3590084082186,0.00075082899924702,0.0110409635807424,7.78289446838352,5.4210584188973,-1.04522963241764,1.95699302266318,"skipped exon"
"176","Lyst","E012",17.0286287134606,0.0101262638505189,20.4467554465717,6.13134109399531e-06,0.00021802031456185,8.75648408772992,5.42173701391425,-1.38586914989525,3.66150303808772,"skipped exon"
"177","Macf1","E095",120.810468471536,0.0054253457757537,73.6276241801253,9.43351876172378e-18,4.80624638236629e-15,22.6410983710189,14.9892860673054,-1.20628120677111,14.3181939697453,"skipped exon"
"178","Macf1","E101",109.620883780249,0.00536333968443026,58.2761368838173,2.27790446759122e-14,6.47428446985632e-12,21.3488075249078,14.7404788669644,-1.0822123062638,11.1888082222991,"skipped exon"
"179","Macf1","E102",102.896717541232,0.0062380145979575,50.9597819483561,9.42780044652778e-13,1.95400069607355e-10,20.6643837166729,14.3266215087305,-1.06942140554575,9.70907528590852,"skipped exon"
"180","Macf1","E104",73.8558774646006,0.0184933409977381,26.1497242492899,3.15942224395691e-07,1.67718439404686e-05,17.668863820709,11.9666088412817,-1.13394115162774,4.7754191872957,"skipped exon"
"181","Macf1","E105",68.7713162459143,0.0111067072108568,30.0223013420878,4.27105889059336e-08,2.91041768529417e-06,16.923208682739,11.7950512048513,-1.04996775542319,5.5360446792611,"skipped exon"
"182","Mad1l1","E006",26.0185055786015,0.103486212954229,8.20226956575041,0.00418380222024901,0.0398304217503607,11.2581838039725,6.80332269431977,-1.45787812182003,1.39978509497444,"skipped exon"
"183","Map3k20","E005",10.1801483895478,0.00661942476991435,10.7138205310455,0.00106338223635924,0.01437444014656,6.70623763797812,4.54838982715535,-1.12167013888878,1.8424090611423,"skipped exon"
"184","Map4","E012",13.3692267420807,0.0379923323609944,8.45472292745967,0.00364096711907421,0.0360187624276121,7.78059701439747,5.15289671393498,-1.19091801128164,1.44347121322921,"skipped exon"
"185","Mdn1","E005",14.377004862322,0.00453515435726434,11.5498124551353,0.0006775609109342,0.0101912196094485,7.80156953698452,5.49544641393305,-1.01279108568395,1.99177383974639,"skipped exon"
"186","Mdn1","E016",16.8236629261013,0.00958755421727007,11.8882024719134,0.00056490612633482,0.00881585697241962,8.45348940677434,5.93581534238928,-1.02225192860221,2.0547354643853,"skipped exon"
"187","Med12l","E023",9.7736258437749,0.0235703017464773,8.70216159827302,0.00317832927531495,0.0325373921532149,6.52185999789316,4.33980810477522,-1.1766460865835,1.48761725837072,"skipped exon"
"188","Mfap2","E008",11.0018081824134,0.00586731108386897,11.3906646901338,0.00073814113710924,0.0108894180266469,7.11174975946744,4.85850065739049,-1.10091354152198,1.96299533003024,"skipped exon"
"189","Mgat4a","E018",17.2690639428248,0.0131063813608526,15.674163826789,7.52450252428098e-05,0.00175313865635436,8.35973727439062,5.78905862435641,-1.06231627403078,2.75618373404414,"skipped exon"
"190","Mgat4a","E022",17.0478801048285,0.00334346084119307,24.0085888876421,9.59069188418533e-07,4.392659669438e-05,8.40312433941722,5.53496481413782,-1.20696601026031,4.3572724433112,"skipped exon"
"191","Mical1","E003",19.322164224186,0.00306432652354178,16.5961710911451,4.62442883320211e-05,0.00117169285066524,6.24427377806887,8.97536166469939,1.04922499537382,2.93118622001045,"included exon"
"192","Mier1","E010",11.3948437872919,0.0471884310486595,7.34894312898618,0.00671021915034353,0.0561976883626876,7.13019010901843,4.6628656788676,-1.22709440645163,1.25028154834511,"skipped exon"
"193","Minar1","E009",10.3123357395819,0.0343692633689975,7.08124438723338,0.00778948984115495,0.0624845043246319,6.65125226271613,4.47018660503903,-1.14795496210852,1.204227670987,"skipped exon"
"194","Mir124a-1+gene-Mir3078+gene-Mir124a-1hg","E005",21.1937745000844,0.00550103316477509,15.139852643325,9.98334323697449e-05,0.00221027700316086,6.74005259432749,9.54607041917234,1.00688042708487,2.65555329490966,"included exon"
"195","Mir124a-1+gene-Mir3078+gene-Mir124a-1hg","E006",15.6732014686701,0.0361867679940661,6.18674392660441,0.0128710794020141,0.0887466506353145,5.78981206755668,8.20666731508157,1.00847450246652,1.05184802856075,"included exon"
"196","Mir124a-1+gene-Mir3078+gene-Mir124a-1hg","E007",15.0366162859175,0.0211916298308584,10.0831959772417,0.00149627582298284,0.0185514303121636,5.50638877356749,8.15323678868072,1.13457925169493,1.73162260072639,"included exon"
"197","Mir124a-1+gene-Mir3078+gene-Mir124a-1hg","E008",14.2731721424359,0.00777880919741445,15.7555843068377,7.20748673204808e-05,0.00169272562662018,5.20714251965688,8.05207867460342,1.25987383364883,2.77141343084648,"included exon"
"198","Mir5046+gene-Rps6ka4","E019",12.0433709091341,0.00583778711532027,10.3569710409403,0.001289866694404,0.0166014095649851,7.28836427048805,5.14541194670352,-1.00612516981316,1.77985503603791,"skipped exon"
"199","Mir5046+gene-Rps6ka4","E020",12.4288899340737,0.00451792641651937,12.3952918856309,0.00043041770833433,0.00712516444566255,7.46024722372226,5.14573673293467,-1.0733430803471,2.1472051078781,"skipped exon"
"200","Mir5125+gene-Srrm2","E006",11.1638529761476,0.0115496254365273,15.8173186058824,6.97610472569254e-05,0.00164708134588073,7.27019569871311,4.48535598618076,-1.39539652104495,2.78328495141026,"skipped exon"
"201","Mir6903+gene-Atp2b4","E022",14.6005676882281,0.00401413079759534,28.1818224827248,1.10436885453709e-07,6.7062493054628e-06,8.28308946701804,4.71671865146124,-1.62739500439699,5.17352030566797,"skipped exon"
"202","Mir6903+gene-Atp2b4","E023",19.6218899327392,0.00487137136228446,23.7509459829863,1.09641473159646e-06,4.94600860445285e-05,9.33754774218539,5.99193204316481,-1.28294742332263,4.30574513244234,"skipped exon"
"203","Mir6903+gene-Atp2b4","E030",14.3415832174895,0.0389846954732342,8.2635908622847,0.00404480439896427,0.0388189882259961,7.87284817943925,5.30866255702813,-1.13898755476033,1.41095578820559,"skipped exon"
"204","Mmd2","E010",27.8468561414043,0.0289038296349551,11.5690307829825,0.00067059363361321,0.0101067470209658,11.0792809014974,7.76483027916527,-1.02920982007884,1.99538860486156,"skipped exon"
"205","Mroh1","E006",19.0316824031174,0.00306251494254697,19.1986351189759,1.17797585363061e-05,0.00037729158890009,9.26655594789543,6.35615412220289,-1.09033147578778,3.42332287657742,"skipped exon"
"206","Mterf2","E001",25.6011465316616,0.0120267474151921,16.4404411989568,5.0202681102194e-05,0.00125288959855952,7.43639979346625,10.6088443481586,1.02842184417568,2.90208719624352,"included exon"
"207","Mtpap","E012",11.1244634483866,0.00541042713311917,9.80517392270215,0.00174021577636999,0.0208425668866485,7.02832219219721,4.86211533582997,-1.06465041468708,1.68104879611829,"skipped exon"
"208","Mtr+gene-Gm10336","E031",13.5318678017524,0.00397755570882505,11.4390144370529,0.00071917926907296,0.010673671083238,7.64378964539912,5.39512389349073,-1.00692355307726,1.97168618441942,"skipped exon"
"209","Mtr+gene-Gm10336","E034",12.6085675607365,0.018736308770262,8.48263439029975,0.00358552508746996,0.0355836660532147,7.42464589223943,5.17384474219028,-1.04377599885462,1.44874931019638,"skipped exon"
"210","Myh14","E002",12.4923842589035,0.00432019136763212,14.2569303366216,0.00015947250175043,0.0032387304428061,4.83151626315328,7.30235663155833,1.1934692721369,2.48962519650154,"included exon"
"211","Myh14","E011",9.70603999815274,0.0177133321277483,7.49407019449144,0.00619024843274161,0.053029257838922,4.44369570853274,6.36251482296393,1.03684794565894,1.27548445092625,"included exon"
"212","Myh9","E041",30.7757907334084,0.00158679728147208,28.4218446959626,9.75582716328367e-08,6.02423242513551e-06,11.6024006330639,8.11096137828775,-1.03685110555954,5.22009828066417,"skipped exon"
"213","Myo1e","E001",11.2912320025582,0.00704888323202144,10.58489939683,0.00114015100820882,0.0151252336667782,7.06880977189002,4.91286688627827,-1.05126654654543,1.82029790729311,"skipped exon"
"214","Myt1","E017",19.687050952115,0.0439909474574696,6.93606551904259,0.00844747246288305,0.066266145669413,9.34675362086716,6.58716841694383,-1.01210228426722,1.17870828915216,"skipped exon"
"215","Naaa","E011",12.4703590981864,0.0126599843401544,9.19971983334415,0.00242052170638653,0.0266228267671295,7.44673854347877,5.23858908798849,-1.01644631974513,1.57474583375282,"skipped exon"
"216","Nbea","E072",34.8901715413415,0.0076620027726131,24.0475913038984,9.39837563791813e-07,4.31538584954899e-05,12.1945474614246,8.42754152509724,-1.07049973760012,4.36498036684606,"skipped exon"
"217","Nbeal1","E023",12.8052016662065,0.00440539742223545,15.1592656773126,9.88122096647525e-05,0.00219179572331451,7.28906491292975,4.87047219847148,-1.16500887356872,2.65919992480964,"skipped exon"
"218","Ncoa1","E037",15.8828884039408,0.00752858573369611,14.1730144815497,0.00016674486983032,0.00336318210059538,8.31059236061009,5.76944637682806,-1.05506192109516,2.47324961703189,"skipped exon"
"219","Ncoa2","E042",13.2156384165436,0.0298034819665189,12.0188567900476,0.00052664995201677,0.00834546198398546,7.68410679266077,4.88792955245242,-1.30729795774499,2.07854961685866,"skipped exon"
"220","Neb","E017",19.7614331804214,0.00896707215577989,14.2327979953762,0.00016153052586665,0.00327486872720464,6.46804433085543,9.19790780567359,1.01837260872314,2.48480610397549,"included exon"
"221","Nek3","E012",12.3530861421776,0.00844469587494903,9.89313927683783,0.00165896112818546,0.0200813004118214,7.23270376607343,5.06201300707727,-1.03115835165847,1.69720816685612,"skipped exon"
"222","Nexmif","E009",21.4530288600798,0.0472875617359033,12.7663868171166,0.00035290385286211,0.0060850031058677,9.4800993874764,5.86344805812308,-1.38944628053076,2.2157391957641,"skipped exon"
"223","Npas4","E014",10.2545095057574,0.00468894499838944,19.0123065441371,1.29878092289463e-05,0.00041110325792504,6.77514561010901,3.86238494160477,-1.62327396679953,3.38604908149437,"skipped exon"
"224","Nr2c2ap","E005",10.0595077118022,0.0245788961339878,7.63687441234561,0.00571869260558616,0.0501193444078224,4.48320003093147,6.63972615920187,1.13454757298337,1.2999946184825,"included exon"
"225","Nrcam","E043",10.4247889912223,0.00547303651783527,11.5710701561854,0.00066985855356876,0.0100993332981192,4.61171756732807,6.92130877113237,1.1729892042102,1.99570729498021,"included exon"
"226","Nt5m","E004",13.2831982912226,0.0111519077585369,11.0489859769431,0.0008873571839433,0.0125302083077438,7.59664903245454,5.24196877178173,-1.07221996427837,1.90204170904163,"skipped exon"
"227","Nup155","E033",13.8848264430469,0.00477430492332411,21.1230791801422,4.30709446884085e-06,0.00016068752985044,5.06714153185459,8.18399647217643,1.38560451799539,3.79401782533547,"included exon"
"228","Nup54","E006",15.3385671098108,0.00341523325892844,13.4333438729271,0.00024719110888911,0.00460427364382896,5.69403481076915,8.13010004517167,1.02954966078648,2.33683887303675,"included exon"
"229","Nwd1","E008",13.6033544222065,0.00372838040097066,13.5231307576705,0.00023564097928536,0.00442671485332374,7.65197216571414,5.26266189045799,-1.0818244149311,2.35391845218344,"skipped exon"
"230","Opcml","E007",30.5672272199608,0.0024846756453961,23.0681081059638,1.56362875742545e-06,6.68877054424126e-05,8.10123557192469,11.6081016416014,1.04174687388887,4.17465370210075,"included exon"
"231","Osbpl9","E022",39.1973728303606,0.0129288520315204,19.8169812851407,8.52221800250103e-06,0.000288451312909,12.9800606545424,9.03603563010762,-1.0499822590888,3.5399274799756,"skipped exon"
"232","Otud4","E024",11.3909255835478,0.00445900008387939,18.5138655584768,1.68672750213143e-05,0.0005109989408335,4.47494882723879,7.39662703626095,1.45195603021422,3.29158000004267,"included exon"
"233","P4htm","E007",13.9096008147964,0.00403270682999771,12.5027632798094,0.0004063505454204,0.00681172162132665,5.35790578059516,7.67926829218811,1.04031228530979,2.16674310891732,"included exon"
"234","Pals1","E008",12.9674112464777,0.0650110949248793,6.69470455312901,0.00966996918486754,0.0729807186716249,7.53085389863128,4.9759330803123,-1.19750144254287,1.13679186427112,"skipped exon"
"235","Papola","E035",14.1392557434416,0.00645919303487955,10.9237122598473,0.00094941173164845,0.0132036670503673,5.52660612752811,7.81797998738949,1.00253490493554,1.87930543556949,"included exon"
"236","Pcdhgb5+gene-Pcdhga8+gene-Pcdhga10+gene-Pcdhgb1+gene-Pcdha6+gene-Pcdhga5+gene-Pcdhac2+gene-Pcdhgb2+gene-Pcdhgc5+gene-Pcdhac1+gene-Pcdha4b+gene-Pcdha12+gene-Pcdhga1+gene-Pcdha8+gene-Pcdhgb4+gene-Pcdhga12+gene-Gm38666+gene-Pcdha7+gene-Pcdhga7+gene-Pcdha4+gene-Pcdhga9+gene-Pcdha2+gene-Pcdhga6+gene-Gm38667+gene-Pcdha11+gene-Pcdhgc4+gene-Pcdha3+gene-Pcdhgb7+gene-Pcdha10+gene-Pcdhga4+gene-Pcdhgc3+gene-Pcdha1+gene-Pcdhgb8+gene-Pcdhgb6+gene-Pcdhga3+gene-Pcdha5+gene-Pcdha9+gene-Pcdhga11+gene-Pcdhga2","E050",16.8612740602345,0.00308482233200797,25.6615183920191,4.06859737876813e-07,2.08645889385977e-05,5.39484819723845,8.80107808783748,1.41493254860298,4.68059016707292,"included exon"
"237","Pde4b","E022",16.9889387690597,0.0404804926833692,7.60418387445242,0.00582330160384169,0.0507174281627205,8.43108190434663,5.86224164927796,-1.0506087966683,1.29484277726863,"skipped exon"
"238","Pdzd2","E020",12.5278698133205,0.0560823655443631,6.16098575389523,0.0130598407420999,0.0896953139043589,7.23293117167248,4.99900856072674,-1.06742357525138,1.04723024590396,"skipped exon"
"239","Pigp","E009",10.8177414463267,0.0267191231734129,10.538342090366,0.00116923257161981,0.015418991018194,7.13851312153014,4.5819863373211,-1.28099701459937,1.81194404454496,"skipped exon"
"240","Pkd1","E019",31.2403549724581,0.00649231335128187,22.8812526743318,1.72324430092636e-06,7.29382652102998e-05,11.6047675692553,8.10534276154829,-1.03944739692068,4.13704457031417,"skipped exon"
"241","Plec","E015",11.4982470955974,0.0273729451681211,15.1558879281284,9.89891376987575e-05,0.00219453704112331,7.20629325172416,4.23723626811653,-1.53419084401491,2.65865708439308,"skipped exon"
"242","Plekha7","E002",10.1350763153923,0.0241641923824324,7.14996919332111,0.00749652744810323,0.0608258857334533,4.61320480389452,6.67409047322479,1.06692058108102,1.21591155824835,"included exon"
"243","Plxnb1","E010",11.181680611033,0.039890742544775,6.14460364102499,0.0131813706251223,0.0902433363378383,7.09292939426086,4.91845926136074,-1.05782869761563,1.04458485699628,"skipped exon"
"244","Ppcdc","E017",12.0590915584045,0.0170287397500206,13.274465563819,0.00026904557406001,0.00491673690723069,7.50665923395752,4.81899747154858,-1.28075102317675,2.30832303002484,"skipped exon"
"245","Ppp1r26","E003",13.7836480283582,0.0398935902648846,8.69740271552286,0.00318663786513901,0.0326082498220828,7.72723582137206,5.10402946298575,-1.19853672431095,1.48667251039397,"skipped exon"
"246","Ppp1r26","E004",11.1511076882555,0.01891535869936,14.731452583359,0.00012396099273531,0.00263934749754102,7.12949584508908,4.26826794825882,-1.48214464627678,2.57850342663131,"skipped exon"
"247","Ppp4r3b","E002",15.7493540903875,0.0216344875398898,11.3368188978498,0.00075985373107043,0.0111289221609002,8.31922598348649,5.56379669598562,-1.1629243351863,1.95354689516578,"skipped exon"
"248","Prdm15","E035",11.0857858995706,0.0137773662894157,11.1073200660315,0.00085987653446286,0.0122271426611377,7.02670096646682,4.68793477753758,-1.16934088035493,1.9126750205994,"skipped exon"
"249","Prdm16","E019",11.5403450594749,0.00438035968148769,13.5234417424345,0.00023560193443521,0.00442671485332374,7.16950570213749,4.8867838601314,-1.10753454848345,2.35391845218344,"skipped exon"
"250","Prkd1","E027",14.0570628003018,0.00424782733065105,11.6613778235691,0.00063811063349469,0.00971506455004673,5.28999155409628,7.53768760989061,1.02334518143218,2.01255430946091,"included exon"
"251","Prkdc","E041",12.5215151630396,0.00498658723208008,13.02617298148,0.00030716762166671,0.00544882316394966,7.34743553123099,4.91716352447463,-1.16051608234782,2.26369728645579,"skipped exon"
"252","Psd2","E016",23.8665540544274,0.0192022905007336,21.6836616175779,3.21518068343506e-06,0.00012535015256782,10.5396099306751,6.4422667026106,-1.4242997597718,3.90187513311125,"skipped exon"
"253","Psd3","E013",15.2899497855355,0.0296715144627177,10.0238704662754,0.00154524409234796,0.0190067679806525,7.86364599123328,5.43550370747914,-1.06739705714204,1.72109172676967,"skipped exon"
"254","Ptpn13","E011",11.0024081762516,0.0160442399701467,12.7279608443849,0.0003602290987242,0.00618475221701266,7.23936871298167,4.60403516746692,-1.30769680783181,2.20867769505502,"skipped exon"
"255","Ptprt","E044",43.1480968401855,0.0424595276126455,17.9169396429148,2.3075804973185e-05,0.00066388929538587,8.7414280370088,15.0682804698328,1.57966715393835,3.17790433390215,"included exon"
"256","Ptprt","E045",10.286542384828,0.0605780326520613,7.15233048951265,0.00748666419518883,0.0607692318544468,6.44642748067878,4.24646549170279,-1.20580631894438,1.21631625326077,"skipped exon"
"257","Rabgap1l","E038",18.4605817442993,0.00246963326456542,20.8466929985756,4.97550574935909e-06,0.00018256167851449,8.69846735414518,6.06159664365646,-1.0443294984055,3.73859037990313,"skipped exon"
"258","Rapgef4","E010",18.2830515814825,0.0714531806880808,6.14699350723538,0.01316356934124,0.090170230813845,6.16948380171749,9.08875314947414,1.12038610252121,1.04493681863537,"included exon"
"259","Rapgef6","E015",25.7159068587485,0.00248350931157927,24.4475936519664,7.63588248476215e-07,3.61817266116441e-05,10.3857025092929,7.00472636150454,-1.13972351908117,4.44151071221315,"skipped exon"
"260","Rasgrf2","E024",10.1359857367545,0.00715571680313464,16.0279408678773,6.24145542038055e-05,0.00149900593957896,6.72079024910295,3.95315886869565,-1.53292217555945,2.82419664632366,"skipped exon"
"261","Rbpj","E005",13.9797451636982,0.0190619180570772,9.47340434253968,0.00208472137236422,0.0238580661352644,7.83792474808502,5.47557183948385,-1.03670433697132,1.6223647618736,"skipped exon"
"262","Reln","E052",172.629808271271,0.00395394422177226,107.466858422586,3.51738372403632e-25,6.22402941034745e-22,25.9415918425439,16.8740408076174,-1.26282319028742,21.2059283638459,"skipped exon"
"263","Reln","E053",129.376980887185,0.00268335247409815,105.431746524948,9.8223563015723e-25,1.5394345165828e-21,22.4947085709788,14.7454925558767,-1.23491708547961,20.8126387800908,"skipped exon"
"264","Reln","E054",130.464951299384,0.00357699892882027,95.5480867670805,1.44342277374884e-22,1.63817534716692e-19,22.5991241461363,14.7765498738654,-1.24242228370368,18.7856396140339,"skipped exon"
"265","Reln","E055",128.693948664429,0.0142290471170818,40.404415567464,2.06473940724834e-10,2.61773324972585e-08,22.3467201425605,14.8814115860631,-1.18879532087001,7.58207461067848,"skipped exon"
"266","Reln","E056",171.146935562897,0.0173029063967844,39.2504010459008,3.72791794024112e-10,4.46817981003525e-08,25.7204182988804,17.03579882175,-1.20963568759109,7.34986935817621,"skipped exon"
"267","Reln","E057",114.948002610142,0.0351794948714598,25.8709174015209,3.65027522796341e-07,1.89855844694871e-05,21.3811858141298,13.4137118715932,-1.360924626537,4.72157602860235,"skipped exon"
"268","Reln","E058",100.661496589688,0.00982679579241787,48.0171798526057,4.22500909907529e-12,7.62373242741475e-10,19.8196920259693,13.137157767886,-1.19900519350409,9.11783235467515,"skipped exon"
"269","Reln","E059",110.71162014294,0.00187094523566361,113.115028607915,2.03612998993821e-26,4.13671229215051e-23,20.899204363689,13.4437952581639,-1.28747750479905,22.3833446831839,"skipped exon"
"270","Reln","E060",102.949234367711,0.00420600936366019,67.0930585347888,2.58988708389722e-16,1.02463663318715e-13,19.9269027216867,13.5243612981722,-1.13041333391868,12.9894301211255,"skipped exon"
"271","Reln","E061",84.6528766491317,0.0113065021203303,43.1017725882871,5.19651537128224e-11,7.44912330626907e-09,18.2320584701121,11.9157621904909,-1.23797442848816,8.12789483673544,"skipped exon"
"272","Reln","E062",95.0276642138093,0.00504812137477031,55.9938908422357,7.2696561532308e-14,1.88397432315004e-11,19.0982384441831,13.1411002571087,-1.08955853234147,10.7249250205401,"skipped exon"
"273","Reln","E063",102.774913413303,0.00110321504585247,93.4136199667115,4.24320752997914e-22,4.36424502477179e-19,19.8955187894907,13.5945681859171,-1.11074747685742,18.3600908745092,"skipped exon"
"274","Reln","E064",71.3175532554048,0.00145339140693699,71.7058785772367,2.49787269077476e-17,1.20192959498438e-14,16.698674292845,11.1441587888979,-1.17563459196461,13.9201209711064,"skipped exon"
"275","Reln","E065",66.94333200385,0.00679201790297972,60.15803822058,8.75386683930649e-15,2.69769914334014e-12,16.4564701948516,10.0739129012886,-1.42563534716186,11.5690064859735,"skipped exon"
"276","Resf1","E007",16.8148726850371,0.00382631778724592,18.6038017564066,1.60899358036622e-05,0.00049206916848055,8.49702338704867,5.73522695369707,-1.13643859548297,3.30797384565123,"skipped exon"
"277","Rev3l","E005",29.4275030827494,0.0412761035140498,9.50400480593871,0.00205023926036799,0.0235858492585248,11.1861962290515,7.29326511470828,-1.23823606083897,1.62734848144284,"skipped exon"
"278","Rev3l","E006",83.1675763222002,0.0107534937140285,30.3178318384471,3.6673882725986e-08,2.54972574436805e-06,18.5146770422123,12.6307136994399,-1.11382240707766,5.59350653098296,"skipped exon"
"279","Rev3l","E007",58.830610098911,0.00832957262579919,26.1170461446854,3.21334620907442e-07,1.70196686691382e-05,15.5076164142125,10.8132186808857,-1.04734824880243,4.76904889880875,"skipped exon"
"280","Rgmb","E010",10.033864906228,0.00586330425719332,11.5319490649126,0.00068410253805595,0.0102633467109709,6.61602076773812,4.52031024103161,-1.10040507105811,1.9887109997401,"skipped exon"
"281","Rin1","E017",12.9699194153783,0.0253582372391723,9.89385742240924,0.00165831383394529,0.0200749417220371,5.12503914562484,7.65505128681923,1.15952821567302,1.69734570681314,"included exon"
"282","Rnaset2b","E007",9.73723369801974,0.0904162680865794,6.05794678525903,0.0138438547129068,0.0932732899477912,4.12074616135686,6.41438177053209,1.27817712767644,1.03024270447471,"included exon"
"283","Rph3a","E028",12.2724028031939,0.0514457258589899,6.8368383737409,0.00892967451858125,0.0689034068305811,7.32420355092654,4.87055793974838,-1.17886336981627,1.16175930449086,"skipped exon"
"284","Ryr1","E081",11.5779822480027,0.0519731786523063,6.52755858885527,0.0106215646609364,0.0777928330972602,7.26971662797666,4.76495959437398,-1.22057658603309,1.10906041187515,"skipped exon"
"285","Ryr1","E082",9.78958201737097,0.0195415425821515,15.3074212945154,9.13569001661133e-05,0.00205433771193969,6.93294123236387,3.96133102721075,-1.6167971123191,2.68732816133465,"skipped exon"
"286","Ryr3","E108",12.8779671625929,0.00404025680240889,15.9494784235882,6.50557017664357e-05,0.00155267270815427,7.60600503562347,4.9494271797426,-1.24164262812327,2.80892008066723,"skipped exon"
"287","Ryr3","E111",13.4445140710375,0.00462048848472372,11.3723648489267,0.00074544907150786,0.0109814771286026,7.60520566266246,5.34496631993107,-1.0192695868207,1.95933923860594,"skipped exon"
"288","Sec16a","E034",35.7580740541522,0.019425404122906,15.5608376434375,7.98923563799789e-05,0.00184188928765969,12.5999277912885,8.73358663505377,-1.06220460977514,2.73473647794129,"skipped exon"
"289","Sema3e","E001",11.1687514928811,0.00637079728338814,11.9010402879701,0.00056102602940259,0.00877059566589957,6.81224990949568,4.60629128384539,-1.13047728488606,2.05697090998307,"skipped exon"
"290","Serinc2","E013",15.2261287535188,0.0347785104831319,8.72687924691152,0.0031355271912428,0.0322174635801499,8.40428281715748,5.60597583555392,-1.17053732872179,1.49190865375247,"skipped exon"
"291","Setd2","E005",32.6752779791943,0.00981659180746409,20.2648149157345,6.74292851100578e-06,0.00023604409433847,11.9029352861925,8.1927995940876,-1.08199604002356,3.62700686084721,"skipped exon"
"292","Sfpq","E019",10.3594517235903,0.0509186658414892,8.89808764875116,0.00285469471567579,0.0300543779150707,7.09809400702613,4.26972387418101,-1.46839784351331,1.52209225691007,"skipped exon"
"293","Slc35b4","E010",9.91648587277015,0.00519183748567238,9.24984231823058,0.00235515703288873,0.0261168505364084,6.56644010078242,4.56108331550939,-1.05273301768757,1.58307919635284,"skipped exon"
"294","Slc7a1","E014",11.3616366477206,0.0154568636434153,12.3000981351792,0.00045293447842676,0.00741216283888449,7.15375203418256,4.62630897402704,-1.2593623168445,2.13005504816963,"skipped exon"
"295","Slc9a8","E006",11.8688295346447,0.00528132002158148,12.7319556249706,0.00035946047411759,0.00617441141012954,7.37212563179179,4.97584210546285,-1.13595476709886,2.20940443620859,"skipped exon"
"296","Slx4","E032",12.4032924139978,0.0129255347541826,11.5883949767799,0.00066364665734084,0.0100277613183948,7.50651032197675,5.03702483810235,-1.15289440602497,1.99879601170402,"skipped exon"
"297","Smarcad1","E011",18.5612985695675,0.00684524071835418,14.1650074739876,0.00016745600020732,0.00337463007814338,6.30993367597125,8.99181931150503,1.02429891541642,2.47177382692959,"included exon"
"298","Snurf+gene-Ipw+gene-Snhg14+gene-Snrpn","E015",18.6299790462666,0.0417646942744663,7.95799107135676,0.0047875523552688,0.0439947937118861,9.05375657559642,6.16144389753521,-1.11298665683412,1.35659871433153,"skipped exon"
"299","Snurf+gene-Ipw+gene-Snhg14+gene-Snrpn","E016",10.4643036362365,0.064382435382529,20.2450847628857,6.81282742112181e-06,0.00023798474458278,7.53595422345984,3.24209941917206,-2.43634345505822,3.6234508814135,"skipped exon"
"300","Snurf+gene-Ipw+gene-Snhg14+gene-Snrpn","E017",13.8805482955615,0.0401189725462064,13.0480933178867,0.00030359331935192,0.00539414068298749,8.09648200518427,4.84749944549822,-1.48248926487224,2.26807773102951,"skipped exon"
"301","Snurf+gene-Ipw+gene-Snhg14+gene-Snrpn","E038",21.9919415711686,0.0127012432078472,13.3536260148899,0.00025792344116376,0.00476427356287736,9.70005609654811,6.84201210610877,-1.00982033622768,2.32200330944008,"skipped exon"
"302","Snurf+gene-Ipw+gene-Snhg14+gene-Snrpn","E088",13.7467232038729,0.0165661942782567,11.1315541235973,0.00084871451146566,0.0121092296570864,5.26538451041489,7.86399244086118,1.15937722948981,1.91688348413341,"included exon"
"303","Sorcs3","E001",29.5925174277628,0.0335558666622781,9.99015016081322,0.00157379770334569,0.0192758592775662,11.0858508363933,7.72405119055605,-1.04615764361153,1.71498625290411,"skipped exon"
"304","Srcin1","E029",23.6098882741903,0.0263720582234456,20.7830664840532,5.14357479730651e-06,0.00018780724272108,10.4505908826872,6.19052252754409,-1.51491454578221,3.72628766333111,"skipped exon"
"305","St8sia1","E006",12.7327695911494,0.00907950181811022,16.7051400297308,4.36625397162956e-05,0.00111885427995523,4.82198059620379,7.75227465417782,1.37207328613466,2.95122647248177,"included exon"
"306","Star","E007",30.9544233619798,0.0220924037164971,25.9747690516229,3.45908704830756e-07,1.81229290359021e-05,8.351631034359,11.8678278095123,1.01787425081297,4.74177161011791,"included exon"
"307","Stra6l","E027",9.92121223948175,0.0198614873214579,7.51806770731487,0.00610831685869196,0.0525412316109659,4.50395308206924,6.50711880893022,1.06290278565554,1.27949975120017,"included exon"
"308","Strip2","E003",12.7820237342309,0.00498638540977594,11.4592839433617,0.00071137705795651,0.0105866390093648,7.22922318283685,4.97552573684152,-1.07954025913853,1.97524189554545,"skipped exon"
"309","Syne2+gene-Mir5101","E010",14.5943374750612,0.0203089204865702,9.75358217525292,0.00178973622906015,0.0212838670905517,8.02609568538389,5.52428221493795,-1.07974144721895,1.67194946173849,"skipped exon"
"310","Syne2+gene-Mir5101","E011",17.2903102005119,0.0124248302736244,11.2037165415271,0.00081633668634172,0.011747598171297,8.66107044594327,6.12478563457859,-1.00189441590541,1.93005091701585,"skipped exon"
"311","Syne2+gene-Mir5101","E015",18.7090465893967,0.0487417640067081,11.4003403130166,0.00073430653030525,0.0108415951779251,9.38683603535128,5.8021508815898,-1.39118373225295,1.96490681318489,"skipped exon"
"312","Syne2+gene-Mir5101","E018",14.0966018841575,0.0679911510646733,8.65222736398343,0.00326661780478657,0.0331893370640796,8.1248577659324,5.08512822753374,-1.35438961092568,1.4790014222611,"skipped exon"
"313","Syne2+gene-Mir5101","E026",20.4138628780517,0.0027079630032318,17.8660812336632,2.37007910261763e-05,0.0006786666042164,9.42563642033338,6.61580087570246,-1.02389925809792,3.16834352101831,"skipped exon"
"314","Syne2+gene-Mir5101","E030",23.9714297172222,0.00813723156411118,23.3825720903686,1.32776040316992e-06,5.81740050551796e-05,10.4460036767188,6.8471275211694,-1.22228238939369,4.23527103567751,"skipped exon"
"315","Syne2+gene-Mir5101","E031",25.463722529951,0.00309515032959074,21.2066692208284,4.12327245190278e-06,0.00015474166653932,10.5240707949529,7.39467766315067,-1.02144036365944,3.81039273018145,"skipped exon"
"316","Tanc1","E029",11.4465245522337,0.0410431402358491,6.89330332217855,0.00865192402468386,0.0673858310946129,7.23512837265298,4.96870648653157,-1.08586220976465,1.17143141094703,"skipped exon"
"317","Tet3","E014",11.6837176910157,0.0205515350682933,12.7348903717944,0.00035889686177169,0.0061676590602128,7.1527086188969,4.70203922953033,-1.21205068976814,2.20987964150066,"skipped exon"
"318","Thsd7a","E020",25.8585660653661,0.00680459608676657,21.3792431599138,3.76828837278686e-06,0.00014378034031516,10.0446806462631,7.08302634989491,-1.01085826378492,3.84230049278721,"skipped exon"
"319","Tjp1","E037",17.6494060671897,0.0190911092318473,11.0117296942643,0.00090537120172437,0.0127288770987244,8.7831822442065,6.01395368648934,-1.09517908955758,1.89520990674206,"skipped exon"
"320","Tjp1","E039",13.5232083902867,0.00470374487470931,19.546210833102,9.81953105295514e-06,0.00032455137742488,7.92503179391872,4.90827601319882,-1.38459203660871,3.48871654334458,"skipped exon"
"321","Tln1","E060",21.2158042703748,0.00472988810479688,17.4069956077732,3.01713484758723e-05,0.00082366782351241,9.70601025058431,6.81160583868945,-1.02447236331623,3.0842478993483,"skipped exon"
"322","Tln1","E061",20.7546493631924,0.0222089988769283,13.3334920295521,0.00026070756845094,0.00480061321411675,9.75668861815336,6.53048114648567,-1.16137820512163,2.31870328377081,"skipped exon"
"323","Tmem198b","E009",10.418489052253,0.0400059528773804,12.3324781223449,0.00044514507066133,0.0073152439992323,3.84315336790803,6.89264295786109,1.68738672871132,2.13577118344805,"included exon"
"324","Tnk2","E015",15.6185273595898,0.00302447139365395,13.6453499813155,0.0002207874310092,0.00420479837942354,8.24223256891486,5.78915431290642,-1.02131325971293,2.37625482383826,"skipped exon"
"325","Tnk2","E016",13.9644814660119,0.00327298616348461,15.8372196945259,6.90311896851929e-05,0.00163312948524354,7.93934787078075,5.2969963214382,-1.16967164096276,2.78697938017615,"skipped exon"
"326","Tnk2","E017",16.8001045244412,0.00326589965694531,22.3198917701711,2.30803390875113e-06,9.41778557301566e-05,8.81606096612973,5.65237072855865,-1.28514687235045,4.02605120192857,"skipped exon"
"327","Top3a","E021",21.3943467704963,0.0021754347940786,19.2785487202684,1.12968453109528e-05,0.0003645918909103,9.65954305948435,6.82857624755559,-1.00338175918835,3.43819299495716,"skipped exon"
"328","Tpcn2","E026",9.74810278822046,0.0169500010666921,12.7919069623409,0.00034812207663119,0.006022113047276,4.04410634411727,6.54562588379258,1.39092000307725,2.22025109615847,"included exon"
"329","Tppp","E001",10.2970058539443,0.0143104976939209,15.2336743057602,9.49943571742354e-05,0.00211939416947138,6.45993988804526,4.26006505417581,-1.20262552907433,2.67378826475847,"skipped exon"
"330","Trpm3","E024",29.3735834605805,0.0284609955033446,17.8531418733295,2.38624956151128e-05,0.00068128170166645,7.38258396053038,12.0494275030054,1.41866444089037,3.16667327548451,"included exon"
"331","Trrap","E006",68.1333256184109,0.0165253304557315,20.3979674026506,6.28965641869749e-06,0.00022249591979504,17.0862807879853,12.0928572123956,-1.00560229608552,3.6526779488482,"skipped exon"
"332","Trrap","E009",76.2175669099099,0.00153648711486933,62.995460001051,2.07183583816851e-15,7.10311651817421e-13,18.134292835632,12.658352449592,-1.04679085332767,12.1485510611853,"skipped exon"
"333","Tsc1","E020",16.5759187181284,0.0350262341717719,9.57778654248497,0.00196945703855233,0.022876233286415,5.73379775452111,8.7092805576612,1.20855733744271,1.6406154832704,"included exon"
"334","Tsga10","E003",10.0361746311688,0.00485279317223694,10.3867907409807,0.00126920032596972,0.0163918287900551,4.5311957459067,6.6699567967072,1.11692731259885,1.78537259071732,"included exon"
"335","Tspoap1","E008",11.9150675149704,0.0729820603724168,8.84355912425167,0.00294125008599926,0.0307591578029347,7.59753086325446,4.26071556057349,-1.67110955163022,1.51202555985063,"skipped exon"
"336","Ubr4","E003",62.0917674800788,0.00093417794106054,55.3975272818397,9.84602310883413e-14,2.50820580012721e-11,16.3147529208914,11.4377188395633,-1.03240737285647,10.6006368321983,"skipped exon"
"337","Ubr4","E007",70.1188190969772,0.00418698769299821,42.3400630175113,7.67050726544065e-11,1.06074735935292e-08,17.2386810089768,12.1940477814576,-1.00733690934445,7.97438804070194,"skipped exon"
"338","Ubr4","E010",59.1099277369554,0.0230485102531781,15.127515651996,0.00010048793293046,0.0022223755133407,15.8952052418538,11.1676172421348,-1.02577404034911,2.65318255673947,"skipped exon"
"339","Unc79","E004",15.5199280915421,0.00385328875395954,13.1500988641251,0.00028750407331198,0.00516797600442521,8.17325495288435,5.76717289740162,-1.00799136868923,2.28667951149322,"skipped exon"
"340","Unc80","E023",10.4820568142947,0.00505011207364205,8.6253620576101,0.00331514542591358,0.0335745948593786,6.53836150370631,4.61526564927283,-1.00624510744492,1.47398921920721,"skipped exon"
"341","Unc80","E024",9.83833258065509,0.0142600421782586,7.59156722866595,0.00586419480626186,0.0509791315269413,6.37521581868879,4.41035028528643,-1.06436152568153,1.29260756738126,"skipped exon"
"342","Usp25","E013",14.9641695338075,0.0035609249874238,14.3526084760628,0.00015156955679599,0.00310582649042172,8.09374916419119,5.68410401837269,-1.02162946232046,2.50782281015196,"skipped exon"
"343","Usp34","E004",33.1259318383265,0.0122274936422123,16.846386118599,4.05304322133643e-05,0.00105169505625356,11.6297381358679,8.19980174336337,-1.0121633573511,2.97811016758212,"skipped exon"
"344","Utp20","E056",19.4739583802121,0.00290266678449586,20.2110287203124,6.93519496895976e-06,0.00024154146558135,9.25173773770132,6.26845038790043,-1.12585141481016,3.61700830289452,"skipped exon"
"345","Utp20","E057",17.5236639479093,0.0303684793293773,11.8018444944708,0.00059172067873325,0.009151012289734,8.85754835117325,5.79833676326456,-1.22507415188491,2.03853086139492,"skipped exon"
"346","Utp20","E058",22.4608470891112,0.00387152890234964,18.6015809879857,1.61086901688195e-05,0.00049245968585205,9.82041542141565,6.88978762638561,-1.02542034940497,3.30762931629046,"skipped exon"
"347","Utp20","E060",16.9942983606331,0.00316803864124983,14.8332758700531,0.00011744486613647,0.0025285350294945,8.55463617326711,6.00170735062551,-1.02477027721711,2.59713102541653,"skipped exon"
"348","Utp20","E061",14.5234351186794,0.00465777479178993,13.1180663227255,0.00029246173882655,0.00523422224994594,7.94180330954185,5.50438807080468,-1.05962391825903,2.28114784075692,"skipped exon"
"349","Utp20","E062",14.7015308654841,0.00340137260390976,14.1540882764636,0.00016843069795924,0.0033888775374698,7.99216095443643,5.50464380160741,-1.07777313281697,2.46994412480737,"skipped exon"
"350","Vcan","E013",139.419705056992,0.00483580771402492,70.3217357457706,5.0379528112857e-17,2.29658079345269e-14,23.9582444551419,16.3007201909808,-1.12857123343924,13.6389182715465,"skipped exon"
"351","Vcan","E018",70.8115938846637,0.00213984505865596,55.4728347971819,9.47595160776834e-14,2.42519517944135e-11,17.0518314807644,11.7973212300806,-1.07150348445997,10.615253303683,"skipped exon"
"352","Vps13a","E056",11.6886019544779,0.00551579890940634,11.2687149673775,0.00078824275035962,0.0114509516216615,7.02417629972638,4.72655684244273,-1.14460717752274,1.94115842014827,"skipped exon"
"353","Vps13b","E019",17.2604202731498,0.00519139504084041,18.0680722958595,2.13145781813099e-05,0.00062257938300125,8.57302503893521,5.69818363302676,-1.1809265528466,3.2058052652742,"skipped exon"
"354","Vps13b","E020",15.9241621749225,0.00348891949436548,14.8713913435336,0.00011509535061014,0.00248465843864728,8.15176047255869,5.61928688548471,-1.07542311119274,2.60473330447839,"skipped exon"
"355","Vps13c","E005",10.9524110505875,0.0065264224041964,13.7078942955534,0.00021355493368018,0.00409548846889573,6.85470914024171,4.37517150120004,-1.29708797261262,2.38769429251295,"skipped exon"
"356","Vps13c","E006",14.3368663460084,0.00364770179847607,14.9963954668563,0.00010771672903957,0.0023509676124228,7.76238078851395,5.22719301384217,-1.14278951263281,2.62875335379422,"skipped exon"
"357","Vps13c","E009",13.5723087269666,0.0113250312515065,15.4601748972514,8.42620856713201e-05,0.00192349921853449,7.67065837964145,4.86625555777232,-1.31506673213736,2.71590798579919,"skipped exon"
"358","Vps13c","E034",17.7216496627796,0.0084066282409301,13.9171584917316,0.00019104644558436,0.0037472428213523,8.57571198461375,5.95479841807065,-1.0545629715334,2.4262881637099,"skipped exon"
"359","Vps13d","E081",19.5617216452883,0.0135492438689864,20.067660261011,7.4750048524222e-06,0.00025745431112055,9.36845986124638,5.82407391235972,-1.37461396801884,3.5892998314336,"skipped exon"
"360","Vps37c","E002",12.1612377300113,0.0228740035459329,10.6979255174135,0.00107255733038698,0.0144574407423259,7.49893759398378,4.97358198606776,-1.1865847886022,1.8399085790924,"skipped exon"
"361","Vwc2","E008",11.2189168731676,0.0250234763701394,8.21286467514736,0.00415944328008284,0.0396394848241575,6.81769251068738,4.56385745234559,-1.15951168192929,1.40187199847232,"skipped exon"
"362","Vwf","E006",10.8323798967658,0.00528262651075089,11.0357353580234,0.00089372217900541,0.0125995456751347,6.99903506517023,4.72149317573172,-1.1373367323406,1.89964511475064,"skipped exon"
"363","Wac","E007",11.6961283454669,0.0437029311303523,10.8895879363675,0.0009670634022998,0.0133903142245363,7.42444070542018,4.42077646564047,-1.49797907367853,1.87320923147335,"skipped exon"
"364","Wac","E012",12.6798415390062,0.0364309729187011,7.65151604715155,0.00567246311359914,0.0498176550232858,5.0946578434353,7.4919232856335,1.11440964811202,1.30261671908004,"included exon"
"365","Wdfy1","E018",14.942913447829,0.00405635383418906,16.2319855346477,5.6039916979737e-05,0.00137520920039568,8.04030383337732,5.49484340912335,-1.10029336823867,2.86163123080347,"skipped exon"
"366","Wdr33","E017",61.1219176537531,0.0276742152412719,12.7870679167769,0.00034902373376083,0.00603453894963409,16.2701668463189,11.3238408374719,-1.05344765268881,2.21935590523169,"skipped exon"
"367","Wdr62","E032",9.76106566954503,0.0429624146976384,9.93708812404054,0.00161981580458763,0.0197089366407511,6.99671268637968,4.31539787576503,-1.39608428772995,1.70533680664455,"skipped exon"
"368","Wdr62","E034",11.4080913900709,0.0056201963062355,10.4516295426036,0.00122541303205526,0.0159729798183874,7.1997701055322,5.02789097418531,-1.03749819066096,1.79661405706353,"skipped exon"
"369","Wnk1","E038",25.7327363100194,0.0114851086089567,17.4893402259035,2.88923107935528e-05,0.00079376197553092,10.5459436728444,7.35192907856555,-1.04422161275487,3.10030970942562,"skipped exon"
"370","Zbtb48","E016",14.5456276966795,0.0548668647772669,6.15888539905444,0.0130753575243614,0.0897527794960792,8.09963677393921,5.53508891930386,-1.10048056756789,1.04695209315501,"skipped exon"
"371","Zcchc18+gene-Gm15038","E015",16.6997369526142,0.0368532301814442,7.53685045287961,0.00604496197855929,0.0521210899633045,5.85595266875288,8.6284006697029,1.12065134199039,1.28298651083936,"included exon"
"372","Zcchc7","E012",10.3578228267659,0.00470227759357427,16.4711446986969,4.93961644591422e-05,0.00123651207910774,6.94313208341543,4.31079191691305,-1.37694430799612,2.9078016367922,"skipped exon"
"373","Zdhhc5","E012",24.9676910042067,0.00292118564519714,22.8786048424841,1.72561982679987e-06,7.30200311590366e-05,10.4170267513247,7.22600875110379,-1.05853104201439,4.13655798606453,"skipped exon"
"374","Zfp2","E012",18.649072152968,0.0119064294712013,19.5467810912273,9.81660029856678e-06,0.00032455137742488,9.16632544649133,5.93434866958501,-1.2572697499632,3.48871654334458,"skipped exon"
"375","Zfp362","E009",11.1722332762143,0.033393368691363,7.30459036832491,0.00687786746083435,0.0572045578098021,7.11758098687073,4.86850145663857,-1.09734439692511,1.24256936713725,"skipped exon"
"376","Zfp532","E001",11.5172862050511,0.0358261114255401,7.48898259823829,0.00620776195161473,0.0531322690906291,7.19020323381562,4.91171933430479,-1.10116966825882,1.27464163651834,"skipped exon"
"377","Zfp618","E008",12.344221244398,0.00596383123591751,21.452178300551,3.62763679251102e-06,0.00013909096484687,7.40630094551909,4.46875762976208,-1.4597333209749,3.85670108024944,"skipped exon"
"378","Zfp827","E008",16.4864359274531,0.00305093973153245,14.2149458729126,0.000163070162111,0.00330160902529964,8.52169133179689,6.01226001395275,-1.00852900011838,2.48127435693883,"skipped exon"
"379","Zfp952","E008",9.7841141788838,0.0231677629036931,6.54837681679382,0.0104979888441559,0.0771624921233496,6.46332303645789,4.54465750151434,-1.01740464120815,1.11259375435707,"skipped exon"
